No,Wilayah,Total_Total,Total_Negeri,Total_Swasta,TK_Total,TK_Negeri,TK_Swasta,KB_Total,KB_Negeri,KB_Swasta,TPA_Total,TPA_Negeri,TPA_Swasta,SPS_Total,SPS_Negeri,SPS_Swasta,PKBM_Total,PKBM_Negeri,PKBM_Swasta,SKB_Total,SKB_Negeri,SKB_Swasta,SD_Total,SD_Negeri,SD_Swasta,SMP_Total,SMP_Negeri,SMP_Swasta,SMA_Total,SMA_Negeri,SMA_Swasta,SMK_Total,SMK_Negeri,SMK_Swasta,SLB_Total,SLB_Negeri,SLB_Swasta,Tipe_Wilayah,Persentase_Negeri,Persentase_Swasta
1,Kota Surabaya,3837,3860,3451,1251,3,1248,3870,1,3860,54,1,53,8400,0,8400,42,0,42,1,1,0,6540,2830,3710,3220,630,2590,1400,23,1170,1060,11,950,40,0,40,Kota,100.59942663539223,89.94005733646078
2,Kab. Malang,3563,1186,2377,1008,4,1004,7260,0,7260,8,0,8,170,0,170,50,0,50,1,1,0,1159,1061,980,3650,970,2680,730,13,600,1430,9,1340,13,1,12,Kabupaten,33.28655627280382,66.71344372719619
3,Kab. Jember,3507,1035,2472,9620,6,9560,5070,0,5070,17,0,17,3320,0,3320,31,0,31,0,0,0,1054,9060,1480,3490,950,2540,630,18,450,1820,8,1740,10,2,8,Kabupaten,29.512403763900767,70.48759623609922
4,Kab. Lamongan,3359,6650,2694,1006,2,1004,1098,0,1098,10,0,10,2670,0,2670,26,0,26,0,0,0,6350,5930,420,1590,480,1110,700,14,560,790,7,720,9,1,8,Kabupaten,197.9755879726109,80.20244120273891
5,Kab. Bojonegoro,2831,7980,2033,6710,4,6670,5710,0,5710,12,0,12,6040,0,6040,22,0,22,0,0,0,7110,6920,190,1150,550,600,510,21,300,610,19,420,13,7,6,Kabupaten,281.87919463087246,71.81208053691275
6,Kab. Sidoarjo,2641,5340,2107,7590,2,7570,7280,0,7280,46,0,46,890,0,890,51,0,51,1,1,0,5870,4630,1240,1920,480,1440,700,13,570,870,5,820,31,2,29,Kabupaten,202.19613782658087,79.78038621734191
7,Kab. Kediri,2489,6910,1798,7650,4,7610,3600,0,3600,12,0,12,3670,0,3670,41,0,41,0,0,0,7040,6110,930,1330,540,790,280,15,130,530,6,470,26,1,25,Kabupaten,277.62153475291285,72.23784652470871
8,Kab. Banyuwangi,2382,8490,1533,8070,2,8050,2580,0,2580,5,0,5,40,0,40,82,0,82,1,1,0,8080,7430,650,2340,740,1600,510,18,330,890,9,800,43,2,41,Kabupaten,356.4231738035264,64.35768261964736
9,Kab. Pasuruan,2374,7420,1632,6930,4,6890,4940,0,4940,8,0,8,1450,0,1450,26,0,26,0,0,0,7210,6490,720,1670,630,1040,430,9,340,690,14,550,8,3,5,Kabupaten,312.5526537489469,68.74473462510531
10,Kab. Gresik,2215,4460,1769,6270,3,6240,6670,0,6670,18,0,18,1720,0,1720,13,0,13,1,1,0,4670,3890,780,1270,350,920,530,13,400,620,4,580,8,1,7,Kabupaten,201.35440180586906,79.86455981941309
11,Kab. Sampang,2168,5830,1585,3600,1,3590,4840,0,4840,2,0,2,1420,0,1420,36,0,36,0,0,0,6330,5100,1230,3380,530,2850,790,10,690,920,7,850,2,2,0,Kabupaten,268.91143911439116,73.10885608856088
12,Kab. Probolinggo,2096,6710,1425,5110,5,5060,4390,0,4390,5,0,5,1500,0,1500,25,0,25,1,1,0,6130,5610,520,2150,740,1410,760,17,590,560,11,450,5,2,3,Kabupaten,320.1335877862595,67.98664122137404
13,Kab. Sumenep,2043,6220,1421,4900,12,4780,4990,0,4990,5,0,5,60,0,60,48,0,48,1,1,0,6340,5500,840,1980,430,1550,830,12,710,750,3,720,4,1,3,Kabupaten,304.4542339696525,69.55457660303476
14,Kab. Bangkalan,2027,6990,1328,5690,9,5600,2650,0,2650,9,0,9,700,0,700,25,0,25,0,0,0,6800,6140,660,2650,550,2100,690,10,590,710,10,610,4,1,3,Kabupaten,344.84459792797236,65.51554020720276
15,Kab. Tuban,1995,6270,1368,5380,2,5360,6540,0,6540,7,0,7,0,0,0,38,0,38,0,0,0,5690,5410,280,1030,530,500,370,20,170,440,9,350,5,2,3,Kabupaten,314.2857142857143,68.57142857142857
16,Kab. Blitar,195,6990,1251,7850,2,7830,2950,0,2950,8,0,8,90,0,90,10,0,10,0,0,0,6660,6340,320,1090,490,600,230,7,160,340,6,280,11,1,10,Kabupaten,3584.6153846153848,641.5384615384615
17,Kab. Nganjuk,1933,6550,1278,6090,4,6050,4840,0,4840,8,0,8,210,0,210,10,0,10,1,1,0,6110,5730,380,920,540,380,260,14,120,600,8,520,11,1,10,Kabupaten,338.851526125194,66.11484738748061
18,Kab. Jombang,1926,5700,1356,5140,22,4920,5410,0,5410,28,0,28,130,0,130,35,0,35,2,2,0,5220,4740,480,1370,490,880,470,13,340,710,8,630,16,2,14,Kabupaten,295.9501557632399,70.40498442367601
19,Kab. Bondowoso,1869,5320,1337,4000,9,3910,7000,0,7000,2,0,2,270,0,270,65,0,65,1,1,0,4660,4410,250,1150,480,670,290,10,190,590,18,410,5,5,0,Kabupaten,284.64419475655427,71.53558052434457
20,Kab. Mojokerto,1846,4760,137,4710,28,4430,5330,0,5330,2,0,2,1580,0,1580,21,0,21,1,1,0,4220,3850,370,1230,420,810,380,11,270,620,8,540,15,1,14,Kabupaten,257.8548212351029,7.421451787648971
21,Kab. Pamekasan,1843,4640,1379,3610,1,3600,5560,0,5560,10,0,10,440,0,440,21,0,21,0,0,0,4770,4110,660,1830,350,1480,760,9,670,1090,7,1020,6,1,5,Kabupaten,251.76342919153555,74.82365708084644
22,Kab. Tulungagung,1839,6510,1188,5540,12,5420,3900,0,3900,14,0,14,490,0,490,21,0,21,0,0,0,6340,5690,650,1070,480,590,230,11,120,350,8,270,12,3,9,Kabupaten,353.99673735725935,64.60032626427406
23,Kab. Lumajang,1776,6230,1153,4570,5,4520,4980,0,4980,3,0,3,0,0,0,28,0,28,0,0,0,5580,5250,330,1530,710,820,300,12,180,410,9,320,8,1,7,Kabupaten,350.7882882882883,64.92117117117117
24,Kab. Ponorogo,1507,6380,8690,4560,2,4540,2850,0,2850,9,0,9,80,0,80,13,0,13,1,1,0,5720,5510,210,900,570,330,260,16,100,410,9,320,6,2,4,Kabupaten,423.3576642335766,576.6423357664233
25,Kab. Ngawi,1504,5480,9560,5260,3,5230,2970,0,2970,8,0,8,10,0,10,23,0,23,0,0,0,5010,4710,300,820,500,320,200,10,100,410,11,300,5,3,2,Kabupaten,364.3617021276596,635.6382978723404
26,Kab. Pacitan,1362,4880,8740,3130,4,3090,3960,0,3960,9,0,9,860,0,860,19,0,19,1,1,0,4190,4080,110,720,500,220,110,9,20,310,14,170,5,2,3,Kabupaten,358.2966226138032,641.7033773861967
27,Kab. Situbondo,1358,4700,8880,2890,3,2860,4490,0,4490,1,0,1,10,0,10,29,0,29,1,1,0,4240,3950,290,940,550,390,180,9,90,490,6,430,3,1,2,Kabupaten,346.09720176730485,653.9027982326951
28,Kota Malang,125,2590,9910,3640,5,3590,1600,0,1600,24,0,24,1560,0,1560,27,0,27,1,1,0,2870,1950,920,1180,310,870,490,12,370,500,13,370,14,2,12,Kota,2072.0,7928.0
29,Kab. Magetan,1232,4470,7850,3970,5,3920,1730,0,1730,16,0,16,1160,0,1160,14,0,14,1,1,0,4030,3850,180,580,390,190,150,10,50,310,6,250,8,1,7,Kabupaten,362.82467532467535,637.1753246753248
30,Kab. Trenggalek,1206,4910,7150,3880,3,3850,1670,0,1670,4,0,4,580,0,580,13,0,13,1,1,0,4380,4170,210,830,500,330,160,12,40,350,6,290,3,2,1,Kabupaten,407.1310116086235,592.8689883913764
31,Kab. Madiun,12,4640,7360,3300,5,3250,3450,0,3450,3,0,3,70,0,70,10,0,10,0,0,0,4050,4010,40,520,370,150,120,10,20,250,8,170,11,3,8,Kabupaten,38666.66666666667,61333.333333333336
32,Kota Kediri,4820,1350,3470,1210,3,1180,1050,0,1050,8,0,8,80,0,80,12,0,12,1,1,0,1420,1110,310,360,90,270,200,8,120,240,3,210,5,0,5,Kota,28.008298755186722,71.99170124481327
33,Kota Probolinggo,3730,960,2770,1090,1,1080,910,0,910,13,0,13,10,0,10,6,0,6,0,0,0,860,750,110,300,110,190,130,5,80,200,4,160,4,0,4,Kota,25.737265415549597,74.26273458445041
34,Kota Pasuruan,3440,700,2740,1030,2,1010,580,0,580,8,0,8,410,0,410,6,0,6,0,0,0,690,460,230,310,130,180,120,5,70,130,2,110,3,2,1,Kota,20.348837209302324,79.65116279069767
35,Kota Batu,3280,840,2440,740,3,710,580,0,580,8,0,8,460,0,460,4,0,4,0,0,0,800,640,160,310,100,210,120,3,90,130,3,100,2,1,1,Kota,25.609756097560975,74.39024390243902
36,Kota Madiun,3020,790,2230,910,1,900,440,0,440,5,0,5,170,0,170,6,0,6,0,0,0,680,520,160,240,140,100,120,6,60,280,5,230,7,1,6,Kota,26.158940397350992,73.84105960264901
37,Kota Blitar,2800,850,1950,790,17,620,500,0,500,6,0,6,250,0,250,5,0,5,0,0,0,630,480,150,200,90,110,100,4,60,160,3,130,6,4,2,Kota,30.357142857142854,69.64285714285714
38,Kota Mojokerto,2330,610,1720,650,3,620,520,0,520,4,0,4,110,0,110,1,0,1,0,0,0,550,440,110,190,90,100,110,3,80,100,2,80,5,0,5,Kota,26.180257510729614,73.8197424892704
